first_name,last_name,social_user,email,street,city,state,country
Ethelyn,Halburton,ehalburton0@twitter,ehalburton0@foxnews.com,2 Hooker Street,Cincinnati,Ohio,United States
Hattie,Daverin,hdaverin1@twitter,hdaverin1@cbslocal.com,3081 Helena Court,El Paso,Texas,United States
Francoise,Luebbert,fluebbert2@facebook,fluebbert2@jiathis.com,526 Kensington Court,Gainesville,Florida,United States
Brigid,Desport,bdesport3@instagram,bdesport3@seesaa.net,4 4th Parkway,Phoenix,Arizona,United States
Robina,Dallas,rdallas4@facebook,rdallas4@msn.com,7 Namekagon Terrace,Baltimore,Maryland,United States
Currey,Hugill,chugill5@instagram,chugill5@friendfeed.com,72373 Logan Court,Cincinnati,Ohio,United States
Loella,Garard,lgarard6@instagram,lgarard6@huffingtonpost.com,505 Green Ridge Plaza,Tampa,Florida,United States
Courtney,Quinnell,cquinnell7@facebook,cquinnell7@yandex.ru,1 Starling Park,North Hollywood,California,United States
Ebba,Gerding,egerding8@twitter,egerding8@time.com,29167 Grim Circle,Gainesville,Florida,United States
Garrot,Cahan,gcahan9@instagram,gcahan9@un.org,1194 Hovde Center,Dallas,Texas,United States
Barnard,Djurisic,bdjurisica@instagram,bdjurisica@amazon.de,718 Corscot Plaza,Indianapolis,Indiana,United States
Jarrad,Deem,jdeemb@instagram,jdeemb@geocities.com,0 Lawn Drive,Louisville,Kentucky,United States
Constantin,Sutheran,csutheranc@twitter,csutheranc@apache.org,779 Eggendart Drive,Seattle,Washington,United States
Fons,Lethbrig,flethbrigd@instagram,flethbrigd@squidoo.com,7 Birchwood Place,Fort Worth,Texas,United States
Johann,Dimitru,jdimitrue@facebook,jdimitrue@msu.edu,8 Kipling Pass,Boca Raton,Florida,United States
Ben,Eronie,beronief@twitter,beronief@latimes.com,3 Mallory Point,Wilkes Barre,Pennsylvania,United States
Dimitri,Pybus,dpybusg@instagram,dpybusg@cdc.gov,5824 Magdeline Lane,Jacksonville,Florida,United States
Malina,McRill,mmcrillh@twitter,mmcrillh@odnoklassniki.ru,06 Mifflin Avenue,Memphis,Tennessee,United States
Abramo,Ollin,aollini@facebook,aollini@indiegogo.com,078 Summerview Hill,San Diego,California,United States
Robby,Ticksall,rticksallj@twitter,rticksallj@bing.com,2 Sachtjen Center,Des Moines,Iowa,United States
Sigismond,Rogeron,srogeronk@facebook,srogeronk@technorati.com,58304 Anniversary Drive,Virginia Beach,Virginia,United States
Clari,McKeller,cmckellerl@instagram,cmckellerl@cargocollective.com,01846 Loftsgordon Street,Baltimore,Maryland,United States
Ozzy,Barnfather,obarnfatherm@facebook,obarnfatherm@xinhuanet.com,4 Sloan Place,Richmond,Virginia,United States
Leland,Southard,lsouthardn@instagram,lsouthardn@forbes.com,3290 Buena Vista Parkway,Carlsbad,California,United States
Ferdinande,Colhoun,fcolhouno@facebook,fcolhouno@qq.com,7627 Mcbride Trail,Escondido,California,United States
Cynthy,Dulieu,cdulieup@facebook,cdulieup@google.com.br,004 Farwell Circle,Houston,Texas,United States
Sabra,Willes,swillesq@twitter,swillesq@fema.gov,99602 Eastlawn Terrace,Flint,Michigan,United States
Jenilee,Stonebridge,jstonebridger@facebook,jstonebridger@nps.gov,73552 Rockefeller Circle,Nashville,Tennessee,United States
Calida,Sherwin,csherwins@twitter,csherwins@storify.com,12947 Vera Center,Whittier,California,United States
Giraud,Shirtcliffe,gshirtcliffet@instagram,gshirtcliffet@newsvine.com,3 Canary Court,Buffalo,New York,United States
Abe,Cornewell,acornewellu@instagram,acornewellu@hud.gov,6028 Namekagon Avenue,Washington,District of Columbia,United States
Bobinette,Moakson,bmoaksonv@twitter,bmoaksonv@examiner.com,828 Red Cloud Junction,Memphis,Tennessee,United States
Olivette,O'Riordan,ooriordanw@facebook,ooriordanw@networkadvertising.org,549 Columbus Junction,Santa Fe,New Mexico,United States
Rosemaria,Smitham,rsmithamx@instagram,rsmithamx@bandcamp.com,2979 Carpenter Place,Sacramento,California,United States
Gaven,Jeschner,gjeschnery@instagram,gjeschnery@ask.com,73 Carey Junction,El Paso,Texas,United States
Byrann,Applewhaite,bapplewhaitez@instagram,bapplewhaitez@examiner.com,70709 Anzinger Point,El Paso,Texas,United States
Elisha,Yerson,eyerson10@twitter,eyerson10@spiegel.de,14333 Saint Paul Hill,Detroit,Michigan,United States
Nessy,Shafe,nshafe11@twitter,nshafe11@hugedomains.com,16834 West Circle,Fort Lauderdale,Florida,United States
Iorgos,Alldritt,ialldritt12@instagram,ialldritt12@sphinn.com,27 Cody Avenue,Jefferson City,Missouri,United States
Willdon,Speke,wspeke13@facebook,wspeke13@google.ru,6 Texas Way,Harrisburg,Pennsylvania,United States
Jane,Armour,jarmour14@facebook,jarmour14@sbwire.com,96 Pepper Wood Road,Colorado Springs,Colorado,United States
Tallou,Raysdale,traysdale15@twitter,traysdale15@lycos.com,05 Lunder Junction,Sioux City,Iowa,United States
Celisse,Winnard,cwinnard16@twitter,cwinnard16@purevolume.com,5 Manufacturers Crossing,Florence,South Carolina,United States
Dew,Dedam,ddedam17@facebook,ddedam17@theglobeandmail.com,1 Butternut Avenue,Ventura,California,United States
Spenser,Kem,skem18@twitter,skem18@imageshack.us,57205 Randy Drive,Spokane,Washington,United States
Nikolaus,Picheford,npicheford19@facebook,npicheford19@sun.com,5898 Hansons Circle,Decatur,Georgia,United States
Elli,Grey,egrey1a@facebook,egrey1a@utexas.edu,0195 Maryland Pass,Charleston,West Virginia,United States
Dunn,Grastye,dgrastye1b@twitter,dgrastye1b@blogtalkradio.com,397 Schurz Center,Fort Collins,Colorado,United States
Tamarah,Vasishchev,tvasishchev1c@twitter,tvasishchev1c@webeden.co.uk,5500 Cottonwood Alley,Houston,Texas,United States
Clive,Chantrell,cchantrell1d@twitter,cchantrell1d@quantcast.com,6932 Anderson Point,Lansing,Michigan,United States
Kimberley,Lehrahan,klehrahan1e@twitter,klehrahan1e@360.cn,648 Pearson Alley,Washington,District of Columbia,United States
Karlee,Brocklehurst,kbrocklehurst1f@twitter,kbrocklehurst1f@nifty.com,6997 Dorton Park,Fort Worth,Texas,United States
Delcina,Moreman,dmoreman1g@instagram,dmoreman1g@cisco.com,634 Center Road,Gary,Indiana,United States
Fonzie,Pennycuick,fpennycuick1h@twitter,fpennycuick1h@cloudflare.com,373 Dexter Crossing,Little Rock,Arkansas,United States
Selig,Duffitt,sduffitt1i@facebook,sduffitt1i@gravatar.com,35824 Portage Drive,Arlington,Texas,United States
Justinn,Kennler,jkennler1j@twitter,jkennler1j@slashdot.org,09 Fieldstone Road,San Antonio,Texas,United States
Ignazio,Philpot,iphilpot1k@facebook,iphilpot1k@hubpages.com,5 Holmberg Lane,Schenectady,New York,United States
Edouard,Blewitt,eblewitt1l@instagram,eblewitt1l@hp.com,24912 American Ash Street,Tulsa,Oklahoma,United States
Tilly,Yard,tyard1m@facebook,tyard1m@omniture.com,16528 Fordem Circle,Washington,District of Columbia,United States
Hillie,Isacq,hisacq1n@twitter,hisacq1n@simplemachines.org,1108 Thompson Park,Boston,Massachusetts,United States
Brynna,Hambling,bhambling1o@instagram,bhambling1o@parallels.com,73 Little Fleur Hill,Los Angeles,California,United States
Lina,McCarlich,lmccarlich1p@instagram,lmccarlich1p@squarespace.com,5 Stoughton Park,Augusta,Georgia,United States
Manya,O'Spillane,mospillane1q@twitter,mospillane1q@free.fr,540 Oxford Trail,Youngstown,Ohio,United States
Cory,Mardell,cmardell1r@twitter,cmardell1r@fc2.com,38 Anzinger Place,Nashville,Tennessee,United States
Whitney,Philippe,wphilippe1s@instagram,wphilippe1s@sun.com,33 Lerdahl Park,Denver,Colorado,United States
Irvin,Metrick,imetrick1t@instagram,imetrick1t@parallels.com,67520 Mcbride Way,Corpus Christi,Texas,United States
Alessandra,Goroni,agoroni1u@instagram,agoroni1u@elegantthemes.com,7 Browning Place,Houston,Texas,United States
Zachary,Dagger,zdagger1v@twitter,zdagger1v@cbsnews.com,537 Elgar Street,Arlington,Virginia,United States
Englebert,Maudlin,emaudlin1w@twitter,emaudlin1w@bloglines.com,0264 Jay Plaza,Denver,Colorado,United States
Teddy,Copcott,tcopcott1x@instagram,tcopcott1x@kickstarter.com,24 Service Pass,Colorado Springs,Colorado,United States
Jorie,Coulston,jcoulston1y@twitter,jcoulston1y@miitbeian.gov.cn,85887 Sunnyside Way,Los Angeles,California,United States
Conny,De Giovanni,cdegiovanni1z@instagram,cdegiovanni1z@techcrunch.com,5 Hauk Crossing,Washington,District of Columbia,United States
Constantine,Sesons,csesons20@facebook,csesons20@marriott.com,4258 Ridgeway Terrace,Pensacola,Florida,United States
Jethro,Mellonby,jmellonby21@instagram,jmellonby21@amazon.com,134 Cascade Center,Trenton,New Jersey,United States
Tally,Snookes,tsnookes22@instagram,tsnookes22@nyu.edu,29767 Ilene Junction,New Haven,Connecticut,United States
Ninon,Haysey,nhaysey23@facebook,nhaysey23@cloudflare.com,58 Garrison Point,Philadelphia,Pennsylvania,United States
William,Iffe,wiffe24@instagram,wiffe24@vkontakte.ru,1 Arrowood Alley,Roanoke,Virginia,United States
Janeva,Klouz,jklouz25@instagram,jklouz25@tripod.com,749 Lotheville Circle,Pittsburgh,Pennsylvania,United States
Luigi,Sharer,lsharer26@instagram,lsharer26@blogtalkradio.com,0 Twin Pines Drive,Charleston,West Virginia,United States
Dion,Sammon,dsammon27@facebook,dsammon27@ucoz.com,66900 Hollow Ridge Circle,Columbus,Georgia,United States
Maddie,Jakubski,mjakubski28@instagram,mjakubski28@etsy.com,1 Gateway Street,Lubbock,Texas,United States
Becka,Reville,breville29@twitter,breville29@theglobeandmail.com,7 Rowland Plaza,Columbia,South Carolina,United States
Lilli,Cranmor,lcranmor2a@instagram,lcranmor2a@paypal.com,59 Upham Point,Phoenix,Arizona,United States
Sheryl,Bakster,sbakster2b@instagram,sbakster2b@hubpages.com,83115 Crownhardt Trail,Erie,Pennsylvania,United States
Tripp,Barfoot,tbarfoot2c@twitter,tbarfoot2c@jiathis.com,36 Sommers Alley,Washington,District of Columbia,United States
Dora,Menis,dmenis2d@twitter,dmenis2d@soundcloud.com,8588 Kennedy Court,San Jose,California,United States
Oona,Girardeau,ogirardeau2e@instagram,ogirardeau2e@jigsy.com,4 Coolidge Place,Sacramento,California,United States
Morlee,Unthank,munthank2f@facebook,munthank2f@seesaa.net,827 Buhler Hill,Santa Barbara,California,United States
Consuela,Donoher,cdonoher2g@instagram,cdonoher2g@fotki.com,083 Fisk Junction,Monticello,Minnesota,United States
Weston,Eliassen,weliassen2h@twitter,weliassen2h@typepad.com,56 Golf Circle,Dayton,Ohio,United States
Aleda,Stidever,astidever2i@facebook,astidever2i@hatena.ne.jp,781 Lukken Hill,Rochester,New York,United States
Anton,McRobert,amcrobert2j@facebook,amcrobert2j@ox.ac.uk,80 Crownhardt Point,Yonkers,New York,United States
Ody,Rumbellow,orumbellow2k@instagram,orumbellow2k@instagram.com,54 Elgar Street,Houston,Texas,United States
Jan,Twinberrow,jtwinberrow2l@twitter,jtwinberrow2l@sourceforge.net,3 Dakota Drive,Clearwater,Florida,United States
Philis,Girodier,pgirodier2m@instagram,pgirodier2m@opera.com,53608 5th Pass,Atlanta,Georgia,United States
Kristofor,McCaffery,kmccaffery2n@twitter,kmccaffery2n@symantec.com,851 Troy Point,Simi Valley,California,United States
Rafferty,Wasmer,rwasmer2o@twitter,rwasmer2o@fema.gov,75 Ridgeway Circle,Riverside,California,United States
Onida,Undy,oundy2p@twitter,oundy2p@marriott.com,95 Cambridge Road,Amarillo,Texas,United States
Shandy,Gribble,sgribble2q@facebook,sgribble2q@issuu.com,03945 Harper Pass,Huntington,West Virginia,United States
Cleo,Sollom,csollom2r@twitter,csollom2r@indiatimes.com,80647 Lawn Pass,Minneapolis,Minnesota,United States
